error,type,fold
0.992001672,reg,1
1.005356272,reg,2
1.040664064,reg,3
0.8901408637982303,sgd,1
0.8766924852486824,sgd,2
0.9042036880125416,sgd,3
