rmse,mse
0.995992807,0.992001672
1.002674559,1.005356272
1.020129435,1.040664064