error,type,fold
0.995992807,reg,1
1.002674559,reg,2
1.020129435,reg,3
0.9434727679155506,sgd,1
0.9363185810655914,sgd,2
0.9508962551259426,sgd,3
