rmse,mse
0.9434727679155506,0.8901408637982303
0.9363185810655914,0.8766924852486824
0.9508962551259426,0.9042036880125416
